"authentication_method","gross_tpv","fraud_tpv","fraud_rate"
"Biometric","1251746.58","408340.60","0.32621666919193819567"
"OTP","1235597.94","402216.07","0.32552342228735020390"
"Password","1225895.28","397236.93","0.32403822453741725802"
"PIN","1257310.81","393824.05","0.31322728387263289337"
