"card_type","gross_tpv","fraud_tpv","fraud_rate"
"Discover","1223625.73","399877.83","0.32679750040888728288"
"Amex","1249551.85","406017.30","0.32493033402335405290"
"Mastercard","1259472.43","403170.95","0.32011097694294110114"
"Visa","1237900.60","392551.57","0.31711073570850519016"
