"device_type","gross_tpv","fraud_tpv","fraud_rate"
"Mobile","1621430.68","529616.95","0.32663557963514049210"
"Tablet","1688868.28","545361.50","0.32291535489079112789"
"Laptop","1660251.65","526639.20","0.31720444307343407850"
