"location","gross_tpv","fraud_tpv","fraud_rate"
"Tokyo","1002141.98","330928.09","0.33022076372850880870"
"London","986090.92","321077.68","0.32560656780005640859"
"New York","1000298.98","325205.13","0.32510792923131842042"
"Mumbai","985052.62","311294.35","0.31601799099828798993"
"Sydney","996966.11","313112.40","0.31406523938913028849"
