"merchant_category","gross_tpv","fraud_tpv","fraud_rate"
"Electronics","978269.41","320083.63","0.32719374308146873365"
"Travel","994318.65","322782.39","0.32462670794719580086"
"Groceries","991631.24","321530.69","0.32424421199154637363"
"Restaurants","1001801.99","324390.82","0.32380732244303088278"
"Clothing","1004529.32","312830.12","0.31141960097292132797"
