"risk_band","fraud_rate"
"High Risk","0.80257683178270833576"
"Low Risk","0.20361432266408895396"
"Medium Risk","0.19743318274129946131"
