"transaction_type","gross_tpv","fraud_tpv","fraud_rate"
"POS","1242930.45","403545.14","0.32467234188365085110"
"Online","1248991.06","402321.81","0.32211744574056438803"
"ATM Withdrawal","1247022.22","401121.46","0.32166344237234201007"
"Bank Transfer","1231606.88","394629.24","0.32041818408809148582"
